Building,Total (kwh),Mean (kwh),Max (kwh),Min (kwh)
A_block,43507.0,60.42638888888889,79.0,0.0
B_block,36444.0,50.61666666666667,69.0,0.0
C_block,33049.0,45.90138888888889,64.0,0.0
